grade_id,student_id,subject_id,teacher_id,period_id,grade_date,grade_value,grade_type
1,118,17,4,5,2025-09-06,9,exam
2,55,19,3,2,2024-03-20,11,quiz
3,94,18,4,2,2024-02-15,8,quiz
4,97,19,13,1,2023-11-03,8,exam
5,117,12,12,6,2026-05-11,9,project
6,109,17,11,5,2025-09-23,12,homework
7,56,8,20,4,2025-05-28,7,homework
8,31,9,12,5,2025-09-29,12,project
9,26,20,2,5,2025-10-28,3,project
10,3,20,16,4,2025-05-16,10,homework
11,10,4,7,5,2025-11-21,9,homework
12,19,2,18,4,2025-01-18,12,homework
13,100,9,14,4,2025-01-30,6,homework
14,32,6,16,6,2026-05-04,7,exam
15,28,2,13,4,2025-02-11,8,test
16,6,1,10,4,2025-05-22,9,test
17,55,3,13,6,2026-03-07,12,test
18,54,15,1,2,2024-04-10,9,test
19,28,2,13,4,2025-01-22,11,homework
20,114,19,6,4,2025-04-18,8,quiz
21,7,7,16,3,2024-10-02,9,test
22,27,13,5,5,2025-10-30,5,homework
23,81,6,16,2,2024-05-25,8,test
24,47,9,14,1,2023-11-06,12,test
25,119,7,16,1,2023-10-17,9,exam
26,18,8,20,1,2023-09-03,9,quiz
27,110,13,12,3,2024-12-08,9,project
28,78,8,16,1,2023-09-25,6,test
29,40,14,6,4,2025-05-27,11,homework
30,41,15,6,2,2024-02-29,7,project
31,18,13,14,3,2024-09-29,8,exam
32,18,2,13,6,2026-05-11,9,homework
33,39,3,13,5,2025-11-28,8,test
34,48,8,20,3,2024-09-12,9,project
35,63,13,12,3,2024-11-03,10,homework
36,26,16,10,3,2024-11-25,7,homework
37,117,14,2,4,2025-03-14,7,homework
38,3,13,5,3,2024-09-09,6,quiz
39,109,19,10,4,2025-04-01,5,project
40,42,12,14,3,2024-10-04,11,project
41,50,20,11,3,2024-09-04,11,homework
42,81,2,18,5,2025-10-24,9,exam
43,58,13,12,1,2023-12-12,8,exam
44,47,16,9,2,2024-02-26,11,test
45,67,1,19,4,2025-01-08,9,test
46,71,3,18,3,2024-10-15,6,exam
47,27,13,14,2,2024-02-26,9,project
48,63,19,10,3,2024-10-24,7,test
49,31,8,16,3,2024-11-30,9,test
50,9,3,13,6,2026-03-28,8,exam
51,62,2,13,5,2025-12-20,9,test
52,51,17,11,6,2026-04-18,9,test
53,88,11,5,3,2024-12-19,10,homework
54,73,14,2,5,2025-12-04,11,project
55,49,20,10,2,2024-02-24,11,quiz
56,102,5,16,6,2026-03-18,7,test
57,120,5,7,2,2024-02-07,8,project
58,69,4,16,3,2024-09-04,10,project
59,9,10,12,6,2026-03-21,7,test
60,19,19,13,6,2026-03-04,8,homework
61,23,4,20,3,2024-11-02,11,test
62,35,19,19,2,2024-03-18,4,homework
63,62,7,16,5,2025-10-04,10,
64,98,10,14,1,2023-09-01,9,test
65,26,14,6,1,2023-10-24,8,test
66,28,18,11,6,2026-03-13,11,test
67,104,15,1,2,2024-01-14,11,quiz
68,35,12,5,5,2025-10-10,11,exam
69,9,12,5,5,2025-10-04,12,project
70,52,10,14,6,2026-02-02,8,quiz
71,53,9,14,1,2023-09-02,10,homework
72,48,17,11,3,2024-12-13,7,quiz
73,40,9,5,6,2026-03-31,10,homework
74,24,7,7,6,2026-02-10,11,homework
75,14,5,7,3,2024-10-15,10,test
76,7,13,5,3,2024-11-08,9,project
77,23,11,5,5,2025-09-14,10,homework
78,29,16,17,6,2026-02-22,9,project
79,118,11,5,3,2024-11-07,12,quiz
80,49,2,13,5,2025-11-18,8,test
81,55,17,11,1,2023-09-16,7,project
82,86,15,6,4,2025-05-16,8,test
83,66,2,18,4,2025-03-21,7,homework
84,20,18,8,3,2024-10-03,9,homework
85,71,13,5,2,2024-05-12,9,exam
86,102,5,7,1,2023-11-05,12,test
87,5,11,12,5,2025-12-13,7,test
88,55,7,16,3,2024-11-22,10,test
89,97,16,10,1,2023-12-12,8,homework
90,116,3,13,3,2024-09-23,7,exam
91,111,8,16,1,2023-10-24,9,test
92,79,15,6,1,2023-09-12,11,quiz
93,113,7,20,6,2026-04-28,9,test
94,109,9,14,5,2025-09-27,9,homework
95,89,19,15,1,2023-09-17,10,test
96,80,12,12,2,2024-01-10,9,quiz
97,47,10,12,2,2024-02-14,9,exam
98,79,14,3,4,2025-02-11,8,homework
99,91,14,2,4,2025-02-07,11,test
100,110,3,18,2,2024-05-09,8,test
101,58,3,18,4,2025-04-03,8,test
102,38,1,19,2,2024-01-11,12,test
103,33,13,12,3,2024-10-14,12,exam
104,14,18,11,1,2023-10-29,10,project
105,48,1,19,6,2026-04-06,7,quiz
106,86,5,16,1,2023-10-17,10,test
107,84,20,2,2,2024-01-13,10,quiz
108,84,18,11,1,2023-09-08,10,exam
109,84,7,20,5,2025-09-27,9,homework
110,13,3,13,2,2024-03-12,12,homework
111,114,4,16,4,2025-02-16,8,exam
112,115,1,9,3,2024-10-23,8,homework
113,102,4,16,5,2025-11-12,12,exam
114,12,17,11,3,2024-10-08,5,test
115,60,2,13,5,2025-10-28,11,test
116,116,4,20,2,2024-02-13,12,quiz
117,79,4,16,1,2023-09-30,11,test
118,92,13,5,3,2024-11-07,7,homework
119,117,18,11,1,2023-10-20,10,test
120,15,14,3,4,2025-03-01,6,homework
121,73,17,4,4,2025-03-25,8,test
122,11,14,6,4,2025-04-09,12,homework
123,40,17,4,2,2024-05-22,9,test
124,87,4,20,3,2024-09-05,10,test
125,96,17,8,6,2026-01-10,7,test
126,89,19,12,2,2024-04-10,10,quiz
127,27,20,19,1,2023-10-11,9,test
128,45,2,13,2,2024-03-12,10,homework
129,83,12,12,1,2023-10-07,9,homework
130,29,9,12,1,2023-10-11,9,test
131,37,2,18,1,2023-10-21,9,homework
132,82,1,19,6,2026-03-03,13,homework
133,87,3,13,1,2023-10-27,9,homework
134,87,14,1,4,2025-03-30,12,project
135,107,12,14,5,2025-12-01,7,exam
136,84,18,4,2,2024-02-01,10,test
137,16,5,16,4,2025-04-22,9,exam
138,87,16,17,4,2025-04-17,8,homework
139,110,6,20,3,2024-09-26,12,exam
140,49,19,17,6,2026-04-17,11,homework
141,99,19,5,4,2025-04-19,9,test
142,34,12,14,4,2025-01-19,8,test
143,49,8,20,2,2024-04-27,12,quiz
144,53,17,8,4,2025-05-12,7,exam
145,87,10,14,2,2024-01-16,9,quiz
146,63,11,12,2,2024-05-01,8,quiz
147,13,8,7,2,2024-02-28,8,project
148,21,7,20,2,2024-04-11,6,homework
149,92,10,14,6,2026-03-16,5,exam
150,114,9,14,3,2024-10-07,11,test
151,35,1,15,3,2024-11-05,10,test
152,70,5,20,1,2023-11-09,10,project
153,90,19,9,3,2024-09-07,8,test
154,70,8,16,4,2025-04-12,11,test
155,35,19,12,2,2024-01-27,10,quiz
156,85,3,18,1,2023-09-14,7,quiz
157,48,10,12,2,2024-01-23,12,quiz
158,53,19,5,6,2026-05-21,8,homework
159,12,17,11,3,2024-11-18,9,homework
160,54,5,16,2,2024-01-28,9,homework
161,116,18,4,2,2024-03-24,8,test
162,20,18,4,4,2025-01-13,7,homework
163,74,20,20,3,2024-09-22,11,exam
164,5,4,7,3,2024-10-09,7,quiz
165,107,6,20,5,2025-11-06,11,project
166,11,1,15,1,2023-12-11,7,test
167,45,11,5,3,2024-10-21,12,exam
168,75,12,14,6,2026-04-03,10,homework
169,120,14,2,2,2024-02-15,6,test
170,118,11,5,2,2024-03-14,11,homework
171,3,6,16,2,2024-01-24,10,test
172,87,2,13,5,2025-09-12,8,exam
173,28,2,18,5,2025-09-18,12,test
174,107,13,5,4,2025-03-08,8,test
175,37,18,11,6,2026-01-25,11,
176,64,2,18,1,2023-10-25,9,quiz
177,113,16,10,3,2024-10-14,11,exam
178,41,2,13,2,2024-02-11,9,homework
179,114,15,3,3,2024-12-03,10,exam
180,10,6,20,3,2024-11-26,9,exam
181,16,9,14,5,2025-11-09,8,project
182,34,3,13,6,2026-03-06,10,exam
183,120,17,4,2,2024-04-01,10,homework
184,115,20,15,3,2024-11-17,9,quiz
185,19,16,9,4,2025-04-20,9,homework
186,52,7,7,1,2023-09-29,9,test
187,9,15,1,2,2024-04-04,10,exam
188,34,20,18,3,2024-11-28,9,homework
189,46,5,20,5,2025-11-18,12,test
190,43,16,10,6,2026-02-18,12,homework
191,98,6,20,3,2024-10-01,10,homework
192,44,10,14,1,2023-11-21,8,homework
193,64,17,11,4,2025-01-08,11,homework
194,109,19,15,1,2023-09-12,7,test
195,19,1,15,5,2025-10-27,12,exam
196,75,13,5,3,2024-09-25,12,quiz
197,72,2,13,4,2025-05-11,7,test
198,65,11,5,6,2026-03-04,11,homework
199,86,5,20,2,2024-03-18,10,project
200,105,16,15,6,2026-03-11,10,exam
201,85,11,12,6,2026-04-20,10,quiz
202,86,6,7,3,2024-10-07,7,project
203,89,9,14,5,2025-11-23,8,exam
204,112,14,6,1,2023-11-12,5,test
205,29,13,14,3,2024-09-06,12,exam
206,30,8,20,5,2025-12-09,7,exam
207,60,9,14,2,2024-01-14,10,homework
208,43,11,5,1,2023-10-08,6,homework
209,60,2,18,1,2023-10-06,8,test
210,13,18,4,4,2025-05-22,12,test
211,31,14,3,4,2025-01-25,11,test
212,111,18,8,2,2024-04-21,8,quiz
213,11,4,16,4,2025-05-09,8,homework
214,83,17,8,5,2025-11-09,11,test
215,24,2,13,2,2024-05-28,10,quiz
216,120,11,12,6,2026-01-18,6,homework
217,14,16,10,3,2024-09-08,13,homework
218,57,5,16,4,2025-03-11,6,test
219,79,14,1,1,2023-11-30,6,homework
220,52,1,17,1,2023-12-05,12,test
221,32,16,19,3,2024-11-21,12,exam
222,111,17,11,4,2025-04-20,12,project
223,12,9,12,2,2024-04-10,8,homework
224,28,20,1,4,2025-03-26,10,homework
225,81,18,8,6,2026-04-14,7,homework
226,120,13,14,1,2023-12-04,7,test
227,77,15,6,2,2024-03-24,9,test
228,94,11,14,6,2026-04-18,8,exam
229,34,3,18,2,2024-04-18,9,test
230,56,2,18,5,2025-09-07,8,project
231,76,11,14,3,2024-11-14,10,homework
232,53,18,4,1,2023-09-18,8,homework
233,66,1,15,5,2025-10-14,10,homework
234,81,16,17,3,2024-12-13,7,quiz
235,7,15,6,5,2025-11-11,11,quiz
236,46,14,1,1,2023-09-02,9,test
237,107,7,16,6,2026-03-19,7,test
238,70,12,12,6,2026-04-21,10,test
239,120,20,8,2,2024-02-22,9,exam
240,4,7,16,1,2023-11-02,10,exam
241,38,11,5,5,2025-11-30,8,test
242,116,7,16,6,2026-03-29,6,exam
243,37,20,17,3,2024-09-29,7,homework
244,83,11,12,4,2025-02-21,10,project
245,22,16,15,5,2025-11-30,8,test
246,110,8,16,3,2024-09-08,9,test
247,90,3,13,1,2023-10-12,9,exam
248,77,18,8,1,2023-12-11,10,exam
249,23,18,8,1,2023-11-25,9,test
250,100,10,5,5,2025-09-03,10,test
251,38,10,12,1,2023-09-03,7,test
252,23,4,7,1,2023-10-31,12,homework
253,113,20,15,6,2026-05-16,10,test
254,34,15,6,5,2025-11-13,12,homework
255,29,10,5,3,2024-10-09,11,test
256,59,10,14,2,2024-04-11,10,project
257,89,12,14,4,2025-01-31,10,test
258,84,7,7,1,2023-10-02,10,homework
259,72,10,5,3,2024-11-06,8,test
260,15,1,10,4,2025-02-05,6,homework
261,76,18,11,1,2023-11-14,10,homework
262,32,16,10,4,2025-05-27,9,project
263,79,1,9,2,2024-03-02,8,homework
264,23,18,11,1,2023-11-21,10,test
265,29,6,7,3,2024-09-05,11,homework
266,82,1,10,4,2025-03-31,9,project
267,41,4,20,1,2023-11-27,12,exam
268,106,9,12,6,2026-02-24,11,test
269,76,9,12,2,2024-01-29,9,exam
270,38,4,20,6,2026-04-16,8,quiz
271,53,16,19,4,2025-02-08,7,homework
272,78,12,14,3,2024-10-20,8,test
273,24,7,20,1,2023-11-03,9,homework
274,58,7,16,6,2026-01-18,12,exam
275,25,13,12,2,2024-04-28,12,homework
276,93,2,18,1,2023-09-19,10,test
277,31,13,5,1,2023-12-01,7,exam
278,118,2,13,2,2024-03-21,11,test
279,10,17,4,1,2023-09-22,9,project
280,49,19,17,1,2023-10-20,7,exam
281,4,7,16,1,2023-10-25,12,project
282,70,10,14,2,2024-02-18,12,test
283,91,4,20,1,2023-10-04,7,test
284,101,4,20,6,2026-02-24,10,homework
285,33,4,20,1,2023-12-04,9,test
286,87,19,19,3,2024-09-30,7,project
287,19,9,12,4,2025-01-31,11,exam
288,81,19,9,2,2024-03-30,9,quiz
289,86,1,15,2,2024-04-10,10,homework
290,34,7,16,5,2025-11-17,0,test
291,81,11,14,3,2024-10-31,6,quiz
292,92,8,16,2,2024-05-05,6,project
293,41,18,8,2,2024-03-28,7,homework
294,80,5,20,2,2024-02-09,12,homework
295,53,6,20,6,2026-02-26,12,homework
296,8,12,5,1,2023-09-18,10,homework
297,71,15,3,1,2023-09-08,12,homework
298,4,19,6,1,2023-09-21,12,homework
299,106,12,5,3,2024-11-25,7,homework
300,82,19,8,1,2023-11-26,11,homework
301,37,14,6,2,2024-01-10,8,homework
302,117,17,4,5,2025-10-05,9,exam
303,88,4,20,3,2024-09-10,10,homework
304,51,16,17,6,2026-05-10,10,project
305,90,13,14,1,2023-11-26,6,quiz
306,13,20,8,2,2024-04-30,12,homework
307,117,7,20,1,2023-09-01,10,project
308,18,4,20,6,2026-01-24,9,homework
309,24,20,2,3,2024-09-07,8,test
310,14,18,4,6,2026-04-03,10,homework
311,27,2,13,4,2025-05-14,12,test
312,83,3,18,2,2024-05-04,6,homework
313,116,2,13,2,2024-05-26,8,homework
314,22,18,11,3,2024-09-22,10,homework
315,87,14,2,4,2025-01-24,8,exam
316,106,14,6,6,2026-05-12,7,test
317,78,20,8,2,2024-01-31,10,homework
318,99,20,14,4,2025-03-09,9,homework
319,47,4,20,3,2024-10-16,10,homework
320,89,5,16,4,2025-01-19,12,test
321,103,6,16,5,2025-10-19,7,homework
322,68,3,18,4,2025-03-06,8,exam
323,26,10,12,3,2024-10-10,8,homework
324,103,11,12,2,2024-01-11,12,exam
325,78,18,4,2,2024-05-03,8,homework
326,67,14,6,3,2024-10-04,7,quiz
327,112,19,4,2,2024-04-04,10,project
328,13,17,4,2,2024-04-22,9,homework
329,38,10,5,4,2025-01-17,7,homework
330,21,17,11,4,2025-05-19,11,homework
331,106,15,1,2,2024-01-20,10,project
332,15,15,2,4,2025-02-20,8,homework
333,43,4,16,4,2025-01-08,6,homework
334,28,3,18,3,2024-11-22,9,homework
335,53,11,14,6,2026-03-01,10,test
336,60,4,20,2,2024-02-27,6,homework
337,28,13,14,2,2024-05-08,9,project
338,97,16,19,2,2024-02-07,9,test
339,12,1,17,2,2024-04-07,7,exam
340,69,12,12,4,2025-01-14,9,homework
341,88,11,14,6,2026-02-14,8,test
342,119,2,13,4,2025-03-06,9,project
343,48,4,16,2,2024-01-23,11,homework
344,23,6,7,3,2024-09-02,10,homework
345,105,3,13,2,2024-04-13,11,test
346,39,2,18,4,2025-04-08,8,exam
347,120,3,18,5,2025-10-14,10,quiz
348,43,7,7,1,2023-10-29,10,test
349,88,11,5,1,2023-10-24,7,project
350,37,10,12,4,2025-01-27,10,homework
351,32,13,14,5,2025-10-14,12,test
352,40,14,3,5,2025-10-08,10,test
353,3,15,1,3,2024-11-14,7,homework
354,7,1,15,3,2024-09-21,11,exam
355,3,1,15,1,2023-10-27,5,homework
356,52,18,11,4,2025-02-01,10,test
357,102,5,20,3,2024-10-30,7,quiz
358,67,2,13,5,2025-10-31,0,exam
359,35,5,16,1,2023-12-04,8,homework
360,43,8,20,4,2025-03-19,9,quiz
361,120,2,13,1,2023-10-27,12,homework
362,114,13,12,1,2023-12-13,9,homework
363,15,6,16,4,2025-04-23,8,homework
364,40,1,19,2,2024-03-10,7,test
365,91,12,14,3,2024-10-10,9,homework
366,94,2,13,1,2023-10-02,11,exam
367,71,4,16,3,2024-12-01,12,homework
368,117,17,8,5,2025-11-17,8,homework
369,19,9,5,2,2024-03-05,12,homework
370,90,14,3,5,2025-11-27,9,exam
371,108,2,13,4,2025-01-23,6,homework
372,75,15,2,6,2026-03-30,8,homework
373,9,13,14,6,2026-04-21,9,homework
374,88,18,11,1,2023-09-21,10,exam
375,30,5,7,4,2025-02-11,11,homework
376,78,6,20,3,2024-11-18,9,test
377,45,2,13,6,2026-05-07,11,homework
378,105,15,6,1,2023-11-16,9,homework
379,79,12,12,1,2023-09-01,11,homework
380,63,19,7,1,2023-12-08,12,homework
381,82,13,14,1,2023-11-10,10,test
382,51,11,12,1,2023-11-28,8,project
383,96,4,7,5,2025-11-05,9,test
384,88,7,20,5,2025-10-09,9,test
385,115,10,12,4,2025-05-22,12,homework
386,53,12,12,6,2026-02-11,10,project
387,17,8,20,1,2023-12-17,10,project
388,106,19,4,5,2025-10-27,7,homework
389,66,9,5,4,2025-04-16,12,project
390,13,7,7,3,2024-10-29,8,homework
391,116,18,4,6,2026-03-13,10,quiz
392,104,3,18,1,2023-11-05,10,quiz
393,68,19,1,2,2024-01-23,9,project
394,110,15,6,1,2023-10-28,10,homework
395,119,15,1,3,2024-12-02,8,test
396,108,19,5,4,2025-05-19,11,homework
397,114,10,12,1,2023-12-08,8,test
398,13,3,18,1,2023-10-31,11,test
399,80,13,12,3,2024-09-30,7,exam
400,21,16,19,4,2025-04-23,12,test
401,106,7,20,4,2025-02-03,8,homework
402,66,2,13,6,2026-02-09,6,test
403,94,7,7,3,2024-09-20,10,homework
404,28,18,8,1,2023-12-14,11,test
405,38,2,13,3,2024-09-11,11,project
406,31,20,8,1,2023-10-16,12,homework
407,104,9,12,1,2023-10-02,8,homework
408,70,18,8,5,2025-10-01,10,homework
409,29,7,7,4,2025-03-21,8,test
410,45,14,1,5,2025-09-16,7,exam
411,93,13,5,2,2024-01-24,11,homework
412,1,8,7,4,2025-01-29,12,test
413,54,4,20,1,2023-09-18,9,test
414,116,20,5,5,2025-10-09,10,homework
415,81,6,20,6,2026-05-13,10,project
416,94,7,16,3,2024-09-26,8,exam
417,18,10,12,4,2025-03-23,11,homework
418,35,10,14,5,2025-09-09,6,quiz
419,80,5,20,5,2025-11-08,12,exam
420,54,16,10,6,2026-01-29,9,project
421,8,4,20,5,2025-10-23,11,project
422,18,4,20,1,2023-11-23,12,test
423,79,3,18,5,2025-11-27,8,test
424,75,19,18,1,2023-09-03,9,test
425,18,19,3,3,2024-09-21,10,exam
426,120,17,4,4,2025-03-01,12,test
427,106,13,5,6,2026-01-11,9,test
428,26,17,8,6,2026-05-31,6,test
429,112,7,20,3,2024-09-22,8,quiz
430,83,2,18,6,2026-02-06,7,homework
431,9,4,7,6,2026-02-13,8,project
432,114,1,10,5,2025-11-14,10,quiz
433,42,4,16,5,2025-11-12,11,test
434,22,8,20,1,2023-10-02,9,test
435,71,10,14,5,2025-12-15,9,homework
436,71,20,8,3,2024-09-16,10,homework
437,120,10,5,5,2025-10-21,8,homework
438,102,20,3,6,2026-03-07,10,
439,85,3,13,5,2025-12-01,9,test
440,80,16,17,5,2025-09-19,9,test
441,28,9,14,1,2023-11-14,5,quiz
442,97,7,16,3,2024-10-18,11,homework
443,71,6,16,2,2024-05-16,8,homework
444,50,15,1,1,2023-09-03,10,test
445,30,14,6,5,2025-12-17,11,homework
446,72,9,5,6,2026-05-28,6,homework
447,62,6,16,5,2025-11-19,10,test
448,23,6,7,5,2025-11-06,7,test
449,58,1,19,2,2024-05-01,7,exam
450,110,12,12,4,2025-03-22,9,project
451,61,18,4,5,2025-11-16,4,test
452,88,9,12,5,2025-11-05,7,project
453,63,12,12,4,2025-02-17,12,homework
454,45,20,9,4,2025-05-09,7,homework
455,80,18,11,3,2024-10-17,10,test
456,88,9,14,5,2025-10-04,9,test
457,55,19,5,5,2025-11-10,12,test
458,25,3,18,1,2023-09-02,8,homework
459,4,6,16,1,2023-12-17,8,homework
460,88,2,18,3,2024-10-31,7,homework
461,110,8,20,1,2023-09-05,12,homework
462,62,4,16,4,2025-05-11,8,test
463,63,9,5,5,2025-09-08,12,exam
464,65,13,14,1,2023-09-30,12,exam
465,113,2,18,2,2024-05-10,12,homework
466,11,4,7,1,2023-09-11,8,exam
467,102,19,15,3,2024-09-19,11,homework
468,30,15,2,6,2026-04-28,12,project
469,14,5,7,5,2025-09-29,8,test
470,48,14,6,3,2024-12-08,9,exam
471,52,11,14,4,2025-03-30,10,exam
472,29,12,5,4,2025-03-25,11,homework
473,33,13,5,2,2024-03-29,8,homework
474,55,17,8,5,2025-12-01,10,exam
475,39,14,6,1,2023-12-04,8,test
476,51,8,7,6,2026-01-14,8,exam
477,94,1,17,6,2026-02-20,10,exam
478,30,1,19,2,2024-05-06,6,homework
479,68,17,4,2,2024-01-25,9,homework
480,64,15,6,6,2026-05-10,8,test
481,113,7,7,6,2026-05-29,8,homework
482,37,8,20,5,2025-09-20,9,homework
483,31,6,16,6,2026-01-09,10,project
484,58,3,18,5,2025-11-20,10,project
485,114,19,14,4,2025-05-02,9,homework
486,35,14,2,5,2025-12-12,8,
487,36,16,19,2,2024-01-27,10,quiz
488,36,1,10,1,2023-10-09,11,test
489,80,6,20,1,2023-12-06,11,test
490,38,5,16,3,2024-12-08,11,exam
491,92,19,14,4,2025-04-15,7,homework
492,24,17,8,6,2026-05-29,7,exam
493,64,2,18,4,2025-03-07,6,test
494,110,20,18,3,2024-10-03,12,homework
495,71,19,14,2,2024-03-12,9,test
496,59,13,5,5,2025-10-18,8,homework
497,45,8,7,4,2025-04-20,10,test
498,50,12,12,2,2024-04-02,10,test
499,85,3,18,3,2024-10-04,10,homework
500,113,4,20,4,2025-03-18,10,quiz
501,76,15,1,1,2023-10-17,12,homework
502,97,16,9,4,2025-01-10,10,homework
503,19,11,5,6,2026-02-16,9,test
504,35,17,8,3,2024-10-15,8,test
505,85,3,18,6,2026-05-14,11,project
506,80,2,13,4,2025-03-26,10,test
507,48,1,19,2,2024-02-01,9,quiz
508,87,16,10,3,2024-10-26,10,project
509,48,10,5,6,2026-01-16,7,test
510,56,17,11,2,2024-01-27,5,homework
511,56,18,4,6,2026-03-17,7,homework
512,83,15,6,6,2026-05-24,7,exam
513,98,13,12,3,2024-10-07,11,test
514,44,13,12,1,2023-10-17,11,exam
515,113,10,14,1,2023-11-09,11,project
516,102,20,14,1,2023-11-23,10,quiz
517,106,16,17,4,2025-03-08,7,homework
518,92,20,6,4,2025-04-02,11,homework
519,50,13,12,4,2025-01-14,6,homework
520,90,5,7,5,2025-11-18,8,homework
521,119,20,16,3,2024-11-05,11,exam
522,117,16,19,1,2023-12-18,9,homework
523,24,16,9,2,2024-05-17,7,test
524,64,6,7,3,2024-09-06,10,quiz
525,94,14,6,2,2024-02-07,8,homework
526,95,10,5,3,2024-12-03,10,exam
527,24,10,5,1,2023-12-12,6,homework
528,47,19,4,6,2026-01-17,10,test
529,90,8,16,1,2023-12-08,9,project
530,27,13,12,1,2023-12-16,9,test
531,5,6,16,6,2026-03-06,11,homework
532,110,3,18,1,2023-11-12,12,project
533,73,15,6,1,2023-10-30,10,test
534,43,19,15,2,2024-03-17,5,test
535,99,1,15,5,2025-10-30,7,homework
536,93,17,4,2,2024-04-29,11,quiz
537,118,10,14,1,2023-10-12,12,quiz
538,120,5,7,6,2026-03-20,12,quiz
539,111,7,20,1,2023-10-16,8,homework
540,78,20,20,5,2025-11-09,12,quiz
541,12,10,5,2,2024-05-29,6,test
542,75,9,5,5,2025-10-26,11,test
543,77,17,11,4,2025-05-23,8,homework
544,41,12,5,3,2024-10-16,11,homework
545,13,13,14,5,2025-11-02,10,test
546,15,13,12,3,2024-11-13,10,exam
547,100,7,16,1,2023-10-09,8,homework
548,118,11,5,6,2026-01-28,8,homework
549,22,17,8,1,2023-10-08,11,homework
550,82,16,19,2,2024-02-13,10,homework
551,93,20,2,4,2025-02-06,8,exam
552,29,8,20,5,2025-11-14,7,test
553,72,12,5,5,2025-11-01,11,project
554,46,2,18,2,2024-04-15,10,homework
555,9,11,5,4,2025-05-18,8,homework
556,100,10,12,6,2026-01-21,12,homework
557,52,10,14,1,2023-09-13,10,homework
558,10,15,2,5,2025-09-24,7,homework
559,81,5,20,2,2024-01-08,11,homework
560,89,5,16,6,2026-03-03,12,project
561,65,9,14,2,2024-04-19,9,test
562,75,15,1,6,2026-02-14,11,quiz
563,80,19,1,4,2025-04-16,8,test
564,108,8,16,1,2023-09-01,12,homework
565,119,15,2,4,2025-05-04,10,test
566,46,5,20,2,2024-04-06,10,project
567,38,1,15,4,2025-05-15,11,project
568,16,12,14,4,2025-01-10,11,homework
569,85,18,8,5,2025-10-17,8,quiz
570,65,19,10,2,2024-04-10,0,homework
571,103,13,12,6,2026-05-08,12,test
572,43,3,18,5,2025-12-16,7,homework
573,89,14,3,6,2026-05-08,10,project
574,28,2,13,4,2025-03-06,10,homework
575,29,19,3,1,2023-09-08,11,test
576,38,17,8,3,2024-09-20,7,project
577,81,10,14,3,2024-11-06,7,homework
578,23,10,12,6,2026-03-31,9,test
579,60,7,7,5,2025-09-05,11,quiz
580,104,3,13,6,2026-05-24,9,homework
581,63,17,4,5,2025-09-11,7,project
582,70,7,16,1,2023-12-10,7,test
583,77,7,7,5,2025-10-12,10,homework
584,41,6,16,3,2024-11-13,9,test
585,105,20,5,5,2025-11-18,8,homework
586,110,20,5,6,2026-02-12,10,test
587,29,1,15,6,2026-01-09,11,test
588,30,17,8,1,2023-09-15,9,homework
589,80,13,5,1,2023-11-07,9,homework
590,68,18,8,6,2026-04-20,5,test
591,95,12,5,2,2024-01-15,5,test
592,57,20,8,4,2025-03-04,9,homework
593,93,9,5,6,2026-05-04,5,test
594,4,7,16,5,2025-10-20,11,exam
595,24,5,20,1,2023-09-18,13,exam
596,107,3,13,1,2023-09-04,11,quiz
597,42,12,14,2,2024-01-11,10,project
598,23,20,11,1,2023-10-09,8,test
599,17,11,14,3,2024-09-09,9,quiz
600,30,17,4,4,2025-05-27,9,exam
601,81,17,4,1,2023-09-02,12,homework
602,102,10,14,6,2026-01-13,9,quiz
603,96,18,8,4,2025-01-30,9,homework
604,51,20,8,2,2024-04-06,9,homework
605,82,1,17,4,2025-02-10,12,exam
606,38,4,16,4,2025-02-09,8,homework
607,103,14,6,3,2024-11-28,9,homework
608,70,6,16,5,2025-09-26,9,exam
609,46,16,17,6,2026-04-17,11,homework
610,29,3,13,6,2026-03-28,10,test
611,100,9,14,3,2024-11-13,6,test
612,93,14,6,4,2025-03-30,6,homework
613,53,2,18,6,2026-05-15,9,homework
614,28,11,14,4,2025-01-31,10,homework
615,117,5,16,1,2023-10-02,10,project
616,46,3,13,4,2025-02-17,7,homework
617,103,16,10,5,2025-10-02,7,test
618,30,15,3,3,2024-09-11,9,test
619,13,9,14,1,2023-12-01,10,quiz
620,93,20,17,1,2023-09-30,9,test
621,60,2,18,5,2025-12-20,9,quiz
622,30,4,7,1,2023-11-19,9,homework
623,79,9,14,4,2025-01-29,12,quiz
624,81,11,5,3,2024-09-09,9,test
625,81,9,14,1,2023-09-11,8,test
626,117,15,2,3,2024-09-19,10,project
627,77,1,9,6,2026-04-10,9,exam
628,72,19,4,4,2025-05-25,9,homework
629,38,8,20,3,2024-09-12,11,homework
630,101,20,7,6,2026-04-21,11,test
631,67,2,13,4,2025-02-07,12,exam
632,69,3,13,1,2023-09-01,5,quiz
633,18,18,4,1,2023-10-02,11,exam
634,100,17,8,1,2023-12-03,9,homework
635,93,20,2,4,2025-04-30,7,homework
636,112,10,12,4,2025-04-25,6,homework
637,112,1,17,1,2023-10-26,8,exam
638,82,10,5,2,2024-02-09,7,project
639,15,10,12,5,2025-12-11,11,homework
640,69,17,8,6,2026-05-21,12,homework
641,44,6,7,6,2026-03-11,8,test
642,22,5,20,3,2024-11-19,9,quiz
643,64,1,9,4,2025-05-24,6,homework
644,53,8,7,3,2024-11-19,8,quiz
645,3,10,14,6,2026-01-23,8,test
646,9,18,8,4,2025-04-05,8,exam
647,105,6,7,3,2024-09-03,8,homework
648,16,8,7,6,2026-04-09,12,test
649,13,16,19,4,2025-05-05,10,test
650,67,16,9,6,2026-04-17,10,test
651,112,13,14,4,2025-05-04,10,homework
652,65,19,17,6,2026-02-22,11,project
653,75,7,16,1,2023-10-03,7,homework
654,38,8,7,5,2025-10-08,10,exam
655,52,1,17,4,2025-04-20,7,quiz
656,23,17,8,4,2025-04-22,10,
657,27,16,19,3,2024-12-17,8,homework
658,83,20,12,5,2025-09-18,11,exam
659,49,14,1,3,2024-09-01,12,project
660,3,10,12,4,2025-03-31,11,homework
661,60,15,1,3,2024-11-10,10,homework
662,118,8,16,1,2023-10-24,9,homework
663,105,13,14,5,2025-11-26,9,test
664,107,11,14,2,2024-05-26,12,test
665,99,6,20,4,2025-04-10,8,homework
666,65,18,11,4,2025-03-27,9,project
667,92,4,7,5,2025-11-05,9,homework
668,71,10,12,2,2024-03-19,7,homework
669,5,18,4,4,2025-04-19,7,test
670,97,20,2,6,2026-01-24,10,homework
671,87,20,15,3,2024-10-08,9,test
672,69,17,4,5,2025-10-31,10,homework
673,106,17,8,3,2024-11-21,9,test
674,7,3,13,5,2025-10-08,10,homework
675,27,5,16,3,2024-12-13,10,homework
676,17,15,3,5,2025-09-06,10,test
677,90,19,3,1,2023-11-08,8,test
678,82,1,10,4,2025-04-17,12,test
679,47,17,8,2,2024-03-26,9,exam
680,45,17,4,5,2025-11-13,8,test
681,83,4,16,3,2024-12-15,11,test
682,111,19,10,5,2025-09-08,10,homework
683,17,18,11,6,2026-05-11,8,project
684,59,1,15,3,2024-11-15,8,quiz
685,9,17,8,6,2026-02-28,7,project
686,98,5,16,2,2024-05-19,7,homework
687,2,8,7,5,2025-09-05,8,test
688,118,13,12,5,2025-09-14,11,test
689,36,11,5,4,2025-03-09,9,homework
690,16,18,11,3,2024-10-12,8,test
691,82,19,2,4,2025-05-04,7,homework
692,40,12,5,5,2025-09-14,11,exam
693,9,12,14,3,2024-09-21,10,exam
694,39,10,14,6,2026-05-13,9,homework
695,73,9,5,6,2026-04-02,12,test
696,86,6,7,5,2025-11-30,7,exam
697,94,20,7,5,2025-10-07,6,homework
698,117,16,19,6,2026-05-07,7,project
699,66,10,5,3,2024-12-09,11,quiz
700,67,14,1,5,2025-10-26,5,test
701,107,7,16,4,2025-05-27,10,project
702,7,19,18,3,2024-11-02,12,homework
703,34,3,18,3,2024-11-26,10,exam
704,116,10,12,3,2024-11-22,8,homework
705,39,16,19,1,2023-09-30,12,exam
706,34,12,14,5,2025-09-16,11,test
707,109,3,18,5,2025-11-12,9,exam
708,78,17,8,1,2023-10-22,12,homework
709,79,20,14,5,2025-12-08,10,homework
710,2,6,20,6,2026-02-04,8,homework
711,52,5,20,2,2024-04-27,8,exam
712,110,11,14,4,2025-01-11,12,quiz
713,73,2,13,1,2023-11-17,10,quiz
714,98,5,20,1,2023-12-01,12,test
715,49,11,12,2,2024-04-06,5,homework
716,106,16,10,4,2025-05-27,9,exam
717,15,11,14,5,2025-11-15,10,exam
718,88,5,16,6,2026-02-19,6,homework
719,20,5,20,4,2025-04-20,12,homework
720,67,14,3,4,2025-04-15,9,test
721,53,1,17,4,2025-01-22,7,project
722,13,2,18,3,2024-10-02,12,test
723,87,5,20,5,2025-12-02,8,homework
724,49,11,14,3,2024-10-23,12,homework
725,34,15,3,5,2025-11-04,9,test
726,49,6,16,1,2023-12-18,7,homework
727,53,2,13,4,2025-04-22,12,homework
728,5,11,12,3,2024-09-16,8,exam
729,117,15,1,6,2026-01-11,10,test
730,74,19,19,6,2026-03-22,6,homework
731,4,4,20,2,2024-04-30,8,test
732,3,17,8,6,2026-03-06,10,homework
733,89,15,2,5,2025-10-05,11,exam
734,37,13,5,1,2023-09-23,10,test
735,102,11,12,1,2023-12-10,7,quiz
736,88,8,7,4,2025-02-19,7,project
737,104,9,5,3,2024-09-24,9,homework
738,116,10,14,3,2024-09-03,10,homework
739,22,8,7,3,2024-11-19,11,test
740,1,7,20,5,2025-09-18,8,project
741,15,6,16,5,2025-12-20,4,test
742,99,10,14,5,2025-11-04,11,homework
743,85,18,11,1,2023-10-31,10,homework
744,77,11,14,5,2025-11-05,9,homework
745,24,7,20,5,2025-10-22,9,project
746,105,19,3,1,2023-10-13,12,test
747,49,9,12,5,2025-10-23,9,test
748,87,18,8,2,2024-04-28,10,homework
749,23,8,7,6,2026-05-28,7,quiz
750,67,1,15,5,2025-09-10,12,
751,21,2,13,6,2026-01-20,8,test
752,17,8,20,3,2024-11-30,7,test
753,5,3,13,2,2024-02-09,11,exam
754,25,15,3,3,2024-11-01,10,exam
755,76,2,18,5,2025-10-20,10,test
756,64,7,20,5,2025-10-21,9,quiz
757,88,7,7,2,2024-02-27,10,test
758,113,10,5,2,2024-03-17,11,homework
759,104,9,14,3,2024-10-19,12,test
760,68,7,7,6,2026-04-11,10,test
761,20,14,1,4,2025-02-21,9,quiz
762,63,17,11,1,2023-11-17,9,test
763,20,1,10,1,2023-09-19,11,test
764,76,11,12,4,2025-05-28,11,homework
765,96,13,12,3,2024-11-25,12,quiz
766,52,14,2,1,2023-10-15,8,test
767,107,6,7,5,2025-12-10,12,homework
768,70,5,7,1,2023-09-04,7,project
769,100,1,9,1,2023-10-20,10,project
770,119,7,7,1,2023-09-02,12,homework
771,104,16,10,1,2023-10-22,9,quiz
772,46,4,20,1,2023-11-03,12,quiz
773,87,6,16,6,2026-05-06,12,exam
774,21,12,14,3,2024-10-30,10,quiz
775,93,9,12,4,2025-01-16,9,homework
776,24,17,4,6,2026-03-17,12,project
777,34,16,17,6,2026-02-11,12,exam
778,67,6,7,6,2026-05-22,9,homework
779,81,3,18,3,2024-12-18,7,exam
780,36,8,7,5,2025-11-28,10,homework
781,92,2,13,1,2023-10-19,12,test
782,101,7,7,3,2024-09-27,9,exam
783,54,8,20,1,2023-11-04,8,homework
784,42,4,16,3,2024-10-04,9,test
785,41,15,6,3,2024-10-25,6,test
786,39,17,8,3,2024-12-18,9,exam
787,83,19,1,1,2023-09-24,8,test
788,23,8,20,2,2024-02-23,7,test
789,90,1,15,1,2023-10-26,9,test
790,15,10,5,6,2026-03-29,9,homework
791,88,2,13,3,2024-12-15,10,quiz
792,93,1,10,6,2026-04-10,8,homework
793,94,2,18,2,2024-04-30,9,test
794,9,12,12,3,2024-09-11,8,test
795,120,7,20,6,2026-02-14,11,test
796,41,2,18,2,2024-05-06,11,project
797,10,4,7,5,2025-12-09,7,test
798,112,13,5,5,2025-09-27,8,homework
799,45,7,7,4,2025-04-26,7,test
800,24,7,16,1,2023-11-26,10,test
801,108,16,15,2,2024-05-20,7,homework
802,64,12,5,5,2025-10-05,8,exam
803,96,8,7,6,2026-04-03,8,quiz
804,84,15,6,5,2025-10-19,7,homework
805,60,8,7,1,2023-12-07,11,project
806,102,12,12,1,2023-09-24,9,test
807,104,16,9,1,2023-11-11,10,homework
808,111,6,7,3,2024-09-17,6,homework
809,31,18,4,4,2025-03-20,10,exam
810,68,4,7,1,2023-12-04,8,quiz
811,17,14,1,4,2025-03-28,10,exam
812,59,4,20,5,2025-11-12,9,test
813,23,9,12,2,2024-04-24,10,project
814,70,2,18,6,2026-04-08,12,test
815,37,16,17,3,2024-12-12,6,test
816,119,19,16,2,2024-01-25,7,homework
817,66,10,14,5,2025-12-20,10,exam
818,62,12,14,1,2023-11-17,11,project
819,38,17,4,2,2024-04-14,12,test
820,14,3,13,3,2024-12-17,12,test
821,14,16,10,5,2025-10-18,7,test
822,89,13,5,3,2024-10-31,11,test
823,80,17,8,6,2026-01-09,10,test
824,44,8,20,5,2025-11-19,10,exam
825,41,7,16,5,2025-10-05,10,project
826,107,19,2,3,2024-09-04,10,test
827,37,14,3,5,2025-09-02,11,project
828,8,3,13,5,2025-11-21,11,homework
829,47,3,13,4,2025-05-19,10,test
830,58,8,20,2,2024-04-06,11,test
831,53,9,14,2,2024-02-11,9,homework
832,39,7,16,1,2023-09-12,9,exam
833,68,7,16,1,2023-11-12,7,exam
834,36,4,7,6,2026-01-14,6,homework
835,42,5,7,2,2024-04-07,7,project
836,71,14,1,5,2025-11-09,7,exam
837,61,14,2,3,2024-10-12,8,homework
838,48,13,12,4,2025-01-20,11,project
839,82,13,12,6,2026-01-13,10,exam
840,43,5,20,4,2025-04-17,8,homework
841,33,7,16,4,2025-01-14,9,test
842,55,14,1,1,2023-11-01,10,homework
843,76,13,12,4,2025-01-12,7,homework
844,91,2,18,3,2024-09-26,5,exam
845,88,13,14,6,2026-03-11,9,homework
846,61,9,5,4,2025-05-31,9,homework
847,104,14,3,4,2025-04-30,10,test
848,59,18,4,4,2025-03-28,6,homework
849,105,17,11,6,2026-03-11,8,homework
850,22,17,8,1,2023-10-31,12,test
851,50,12,12,4,2025-03-16,8,test
852,120,5,16,3,2024-12-03,10,exam
853,63,19,1,4,2025-04-09,8,test
854,1,4,20,4,2025-03-08,9,exam
855,111,13,12,1,2023-10-22,7,project
856,90,5,20,5,2025-11-21,11,homework
857,89,18,4,2,2024-03-01,6,homework
858,23,17,8,5,2025-10-03,8,homework
859,57,9,12,5,2025-09-16,7,exam
860,6,7,20,5,2025-11-20,9,test
861,86,9,5,3,2024-10-08,11,test
862,69,18,4,3,2024-11-12,9,homework
863,89,10,5,3,2024-09-08,8,exam
864,20,6,7,4,2025-02-21,12,exam
865,49,9,14,6,2026-05-30,11,test
866,91,18,4,6,2026-02-27,10,homework
867,68,2,13,6,2026-01-17,12,homework
868,61,20,15,4,2025-02-12,9,homework
869,90,2,13,2,2024-04-18,7,test
870,4,8,7,3,2024-12-14,10,homework
871,87,18,11,6,2026-05-30,9,exam
872,22,13,14,3,2024-12-14,9,homework
873,4,2,13,2,2024-01-25,10,project
874,104,6,20,3,2024-11-01,8,project
875,53,3,18,4,2025-03-10,4,test
876,29,19,20,5,2025-11-07,12,test
877,85,16,19,2,2024-03-17,8,project
878,82,3,13,1,2023-11-13,10,exam
879,80,11,12,5,2025-10-03,10,exam
880,30,4,16,6,2026-03-25,9,quiz
881,2,16,10,2,2024-02-11,10,homework
882,81,3,18,1,2023-09-08,10,homework
883,102,10,14,5,2025-11-09,7,homework
884,90,13,5,6,2026-01-20,9,quiz
885,15,17,11,4,2025-02-12,7,test
886,60,11,14,3,2024-10-20,9,test
887,99,17,8,6,2026-05-14,9,homework
888,63,4,16,1,2023-12-06,10,homework
889,81,9,5,4,2025-04-07,10,test
890,120,9,14,6,2026-05-08,6,homework
891,97,18,8,5,2025-11-09,10,project
892,96,3,18,6,2026-05-11,7,test
893,20,15,1,6,2026-05-06,10,project
894,24,14,1,2,2024-05-06,10,project
895,73,18,8,3,2024-10-10,12,homework
896,27,12,12,6,2026-02-14,7,test
897,42,10,12,1,2023-10-05,11,exam
898,120,8,16,2,2024-04-11,9,homework
899,16,3,18,3,2024-09-16,9,homework
900,116,13,5,2,2024-05-25,10,project
901,37,19,9,2,2024-05-26,11,homework
902,10,14,6,1,2023-11-05,11,test
903,29,14,3,5,2025-12-03,9,test
904,120,11,14,2,2024-01-21,8,test
905,69,10,12,5,2025-12-10,7,homework
906,55,13,5,1,2023-09-08,9,test
907,88,19,20,5,2025-09-20,10,homework
908,91,17,4,4,2025-03-07,7,homework
909,71,19,10,6,2026-03-23,10,homework
910,75,15,3,2,2024-02-09,8,project
911,88,20,11,3,2024-11-16,11,homework
912,14,9,14,5,2025-12-06,10,homework
913,96,1,10,5,2025-10-27,8,homework
914,95,2,13,5,2025-10-05,9,project
915,3,7,20,4,2025-04-29,12,quiz
916,88,5,20,1,2023-10-14,11,test
917,75,3,13,1,2023-09-18,12,test
918,77,18,11,3,2024-09-29,11,homework
919,105,15,2,5,2025-11-21,8,test
920,50,13,12,1,2023-11-16,10,project
921,31,3,13,1,2023-12-09,4,test
922,43,8,7,5,2025-12-08,11,project
923,102,14,1,6,2026-04-05,9,homework
924,24,7,16,6,2026-02-14,8,project
925,34,8,16,4,2025-05-22,11,test
926,22,8,16,4,2025-02-15,8,project
927,15,1,19,3,2024-10-06,6,test
928,73,19,4,5,2025-12-03,9,project
929,58,1,15,5,2025-10-05,11,homework
930,82,18,4,5,2025-10-31,8,test
931,89,8,20,4,2025-05-25,9,exam
932,14,12,14,4,2025-03-03,9,test
933,81,1,15,2,2024-04-18,10,homework
934,12,1,10,6,2026-05-22,11,test
935,58,6,7,5,2025-10-06,12,project
936,26,17,4,5,2025-09-10,7,homework
937,33,6,16,3,2024-11-26,11,project
938,48,16,10,3,2024-11-05,10,project
939,35,16,17,3,2024-10-15,8,homework
940,5,13,12,1,2023-12-16,10,homework
941,46,17,8,5,2025-09-03,5,test
942,103,7,16,1,2023-09-02,10,test
943,115,15,1,5,2025-09-10,10,exam
944,44,2,18,1,2023-09-09,8,homework
945,17,7,16,6,2026-05-02,8,homework
946,95,6,7,3,2024-11-12,10,homework
947,49,9,5,2,2024-03-13,12,homework
948,11,6,20,2,2024-04-30,9,homework
949,98,14,3,2,2024-02-26,11,homework
950,38,19,2,6,2026-02-15,7,test
951,56,9,5,3,2024-09-21,11,homework
952,39,11,14,3,2024-12-05,10,test
953,17,2,18,2,2024-03-11,11,exam
954,106,1,19,4,2025-03-31,6,quiz
955,119,6,20,2,2024-02-20,10,quiz
956,97,3,13,4,2025-01-12,12,exam
957,103,10,14,2,2024-04-04,11,test
958,28,7,7,2,2024-01-10,8,quiz
959,93,10,5,4,2025-02-25,8,homework
960,25,9,12,2,2024-01-17,10,test
961,112,14,6,4,2025-01-30,7,quiz
962,75,19,10,5,2025-12-06,8,homework
963,85,7,7,4,2025-02-25,10,test
964,100,6,16,2,2024-04-03,12,homework
965,79,19,12,3,2024-09-19,12,test
966,41,7,7,2,2024-05-01,12,test
967,93,8,20,1,2023-10-15,10,test
968,21,16,15,4,2025-03-24,12,test
969,19,12,14,1,2023-11-19,11,test
970,47,4,16,4,2025-05-24,9,homework
971,78,10,12,6,2026-05-17,9,test
972,39,17,4,1,2023-11-14,7,exam
973,58,10,14,3,2024-09-19,8,test
974,9,1,15,3,2024-11-30,10,homework
975,93,14,2,4,2025-03-02,12,exam
976,19,14,3,3,2024-10-29,11,exam
977,68,11,12,6,2026-05-08,11,homework
978,92,19,7,1,2023-11-23,9,quiz
979,65,18,4,1,2023-10-20,10,homework
980,41,19,18,5,2025-12-10,8,homework
981,64,18,8,5,2025-12-08,8,test
982,107,16,10,6,2026-02-27,10,homework
983,4,1,17,6,2026-03-26,11,test
984,27,6,16,2,2024-03-15,10,test
985,97,14,2,3,2024-10-15,9,exam
986,10,10,14,1,2023-10-25,11,homework
987,18,14,6,1,2023-12-08,12,test
988,11,18,11,2,2024-04-25,6,quiz
989,120,16,17,6,2026-03-18,9,homework
990,56,2,18,4,2025-04-27,9,homework
991,106,5,20,3,2024-11-26,6,test
992,8,13,14,5,2025-11-10,8,test
993,35,6,16,5,2025-09-24,9,project
994,78,6,7,5,2025-12-16,5,test
995,49,12,12,1,2023-10-26,8,test
996,63,4,16,2,2024-02-25,11,test
997,117,15,1,4,2025-02-11,6,quiz
998,104,17,11,3,2024-12-03,7,homework
999,86,8,20,5,2025-09-25,11,exam
1000,8,1,19,5,2025-09-29,6,quiz
1001,16,4,16,2,2024-02-11,11,homework
1002,62,20,18,3,2024-09-27,10,test
1003,19,1,15,1,2023-10-27,7,homework
1004,58,17,11,3,2024-10-06,6,homework
1005,7,13,12,4,2025-04-11,8,exam
1006,104,12,14,2,2024-01-10,11,homework
1007,107,2,13,5,2025-11-06,10,test
1008,105,9,14,3,2024-11-30,11,test
1009,56,18,8,6,2026-02-27,11,quiz
1010,119,3,18,2,2024-01-13,11,test
1011,19,5,16,1,2023-09-27,9,exam
1012,73,13,12,5,2025-10-24,11,homework
1013,50,14,6,6,2026-03-20,9,test
1014,53,19,18,5,2025-11-08,9,test
1015,61,1,19,5,2025-12-13,11,test
1016,54,11,14,6,2026-04-17,10,project
1017,38,20,15,3,2024-10-18,12,exam
1018,5,2,13,2,2024-03-10,11,test
1019,27,7,16,5,2025-09-21,9,test
1020,118,18,4,6,2026-05-04,12,homework
1021,94,16,19,3,2024-09-27,9,test
1022,49,3,18,6,2026-02-26,10,test
1023,86,8,16,3,2024-12-19,12,test
1024,15,1,10,5,2025-09-07,8,test
1025,53,10,14,1,2023-12-03,8,quiz
1026,18,16,19,4,2025-01-31,8,homework
1027,63,1,17,5,2025-11-26,8,homework
1028,45,19,11,2,2024-03-11,9,homework
1029,45,9,12,1,2023-11-01,11,homework
1030,14,15,3,6,2026-04-09,8,test
1031,8,18,8,3,2024-09-05,11,homework
1032,117,5,7,2,2024-04-04,9,homework
1033,45,9,5,6,2026-04-30,12,homework
1034,55,11,12,5,2025-11-11,11,project
1035,25,5,20,4,2025-04-06,10,test
1036,74,6,16,2,2024-04-12,11,test
1037,53,17,4,3,2024-10-20,10,homework
1038,117,4,20,4,2025-03-02,11,test
1039,88,15,6,5,2025-11-21,10,exam
1040,50,5,20,5,2025-10-18,11,project
1041,87,4,16,2,2024-04-03,10,homework
1042,97,13,14,3,2024-09-30,10,test
1043,56,16,15,4,2025-01-12,11,homework
1044,78,13,12,5,2025-12-04,9,test
1045,117,4,7,6,2026-03-09,10,test
1046,55,18,8,5,2025-10-16,7,exam
1047,114,17,4,4,2025-01-17,8,homework
1048,42,4,16,4,2025-04-23,8,homework
1049,62,7,7,1,2023-10-29,7,test
1050,51,14,3,2,2024-05-23,7,test
1051,87,20,6,1,2023-10-14,11,test
1052,16,12,12,2,2024-04-26,8,project
1053,101,9,14,5,2025-11-20,11,test
1054,73,12,5,6,2026-05-21,8,test
1055,54,13,14,3,2024-12-17,6,test
1056,15,11,5,2,2024-04-24,11,test
1057,42,20,9,5,2025-11-14,12,homework
1058,73,3,13,3,2024-12-14,6,test
1059,114,19,8,1,2023-11-24,7,test
1060,100,6,20,1,2023-09-07,12,project
1061,20,7,16,6,2026-04-30,9,exam
1062,28,19,17,4,2025-04-27,12,quiz
1063,44,17,4,4,2025-03-09,9,homework
1064,114,17,8,4,2025-04-11,7,exam
1065,98,8,20,5,2025-10-24,11,homework
1066,82,20,17,4,2025-01-21,7,test
1067,105,18,4,5,2025-10-08,9,quiz
1068,106,13,14,2,2024-02-25,9,quiz
1069,17,11,14,1,2023-09-10,8,homework
1070,31,2,18,1,2023-11-11,9,test
1071,5,14,6,2,2024-04-05,12,homework
1072,71,8,7,2,2024-02-03,8,project
1073,76,9,14,2,2024-01-30,9,test
1074,10,12,14,2,2024-03-02,10,homework
1075,3,3,18,3,2024-10-27,10,homework
1076,41,17,11,5,2025-09-19,11,project
1077,16,10,5,2,2024-03-31,11,homework
1078,27,7,16,5,2025-10-22,10,test
1079,92,8,16,4,2025-04-21,9,homework
1080,23,18,4,2,2024-03-06,10,test
1081,75,13,12,1,2023-11-06,6,homework
1082,118,6,16,5,2025-11-07,10,homework
1083,91,5,7,1,2023-10-06,11,exam
1084,68,14,3,5,2025-10-19,8,homework
1085,15,8,16,6,2026-02-16,5,test
1086,32,3,13,3,2024-12-13,10,test
1087,37,19,20,1,2023-11-20,7,homework
1088,105,3,18,2,2024-02-25,11,exam
1089,6,20,5,5,2025-09-14,11,homework
1090,60,4,7,3,2024-10-24,10,homework
1091,51,4,7,3,2024-09-03,7,exam
1092,13,14,2,5,2025-09-17,9,homework
1093,20,19,9,3,2024-10-03,7,homework
1094,109,20,16,2,2024-05-04,10,test
1095,41,7,16,6,2026-02-03,6,quiz
1096,22,4,7,1,2023-09-17,7,homework
1097,89,7,7,6,2026-02-18,6,project
1098,66,3,13,6,2026-01-16,9,test
1099,86,19,8,3,2024-11-14,10,test
1100,66,3,18,5,2025-09-28,11,exam
1101,81,1,15,5,2025-12-15,5,quiz
1102,78,9,5,3,2024-10-21,11,test
1103,92,20,7,2,2024-01-08,8,quiz
1104,2,3,13,5,2025-09-26,7,homework
1105,93,15,3,2,2024-04-15,12,test
1106,22,2,18,2,2024-04-08,7,test
1107,75,19,4,3,2024-10-11,10,homework
1108,17,9,5,2,2024-04-20,11,project
1109,4,13,12,1,2023-11-20,10,exam
1110,64,12,5,6,2026-02-25,12,project
1111,15,20,6,4,2025-01-14,9,project
1112,32,1,10,3,2024-09-20,11,homework
1113,7,11,12,6,2026-04-11,8,project
1114,39,8,20,6,2026-03-31,8,project
1115,68,19,7,2,2024-01-20,11,homework
1116,39,2,13,5,2025-12-13,12,test
1117,27,9,5,3,2024-09-20,9,test
1118,16,14,6,4,2025-04-10,6,homework
1119,118,12,5,1,2023-11-20,7,test
1120,27,19,17,2,2024-04-09,10,project
1121,46,10,5,2,2024-04-30,12,homework
1122,75,19,13,6,2026-04-16,9,quiz
1123,23,9,14,5,2025-12-04,10,homework
1124,82,19,1,1,2023-12-17,11,test
1125,55,9,12,1,2023-12-16,12,quiz
1126,63,8,7,4,2025-03-01,11,quiz
1127,22,15,1,5,2025-09-01,9,exam
1128,11,13,5,1,2023-11-02,8,homework
1129,117,5,16,5,2025-10-22,9,homework
1130,43,20,12,5,2025-12-06,9,test
1131,117,6,16,2,2024-05-13,7,homework
1132,98,16,17,5,2025-09-14,6,exam
1133,40,5,20,1,2023-12-14,11,test
1134,1,6,16,3,2024-11-12,11,test
1135,107,11,12,1,2023-10-17,8,homework
1136,110,12,12,6,2026-05-03,8,homework
1137,9,17,4,6,2026-03-25,11,exam
1138,120,4,7,6,2026-03-04,7,quiz
1139,11,4,7,1,2023-09-06,9,quiz
1140,27,6,20,2,2024-02-08,12,project
1141,40,1,15,5,2025-09-20,8,test
1142,63,3,13,4,2025-04-11,12,exam
1143,19,2,18,5,2025-12-13,8,test
1144,62,14,2,3,2024-11-30,11,homework
1145,45,8,16,3,2024-10-14,10,homework
1146,63,8,7,4,2025-03-25,8,test
1147,39,3,18,4,2025-04-13,10,test
1148,101,11,14,6,2026-01-29,8,test
1149,104,15,1,1,2023-11-13,9,project
1150,108,7,20,2,2024-05-26,12,homework
1151,112,19,4,2,2024-01-21,10,exam
1152,98,20,9,2,2024-01-09,9,exam
1153,58,13,12,2,2024-05-22,7,homework
1154,67,2,18,4,2025-05-06,10,
1155,111,15,3,6,2026-01-16,8,exam
1156,72,2,18,5,2025-12-09,9,project
1157,35,8,20,3,2024-09-21,8,homework
1158,59,15,1,3,2024-09-03,9,homework
1159,53,5,20,3,2024-09-05,12,homework
1160,14,13,14,1,2023-09-20,11,homework
1161,2,10,12,3,2024-11-25,9,homework
1162,92,2,18,3,2024-10-13,8,homework
1163,83,16,19,5,2025-11-27,7,quiz
1164,27,1,15,1,2023-10-20,12,exam
1165,69,2,13,4,2025-04-24,7,test
1166,11,14,6,4,2025-02-26,11,exam
1167,111,10,12,1,2023-10-02,10,homework
1168,52,1,19,4,2025-03-17,12,test
1169,112,1,17,4,2025-02-03,12,test
1170,10,12,12,1,2023-09-21,12,test
1171,82,20,11,2,2024-04-03,12,test
1172,72,15,2,1,2023-11-16,11,homework
1173,98,16,15,6,2026-03-11,9,test
1174,34,18,11,4,2025-05-14,12,test
1175,21,17,8,5,2025-12-19,12,homework
1176,112,8,20,5,2025-11-23,10,test
1177,18,11,5,5,2025-10-15,9,quiz
1178,113,18,8,1,2023-10-29,9,exam
1179,55,9,14,1,2023-09-28,8,exam
1180,70,14,2,1,2023-09-28,12,quiz
1181,34,16,10,5,2025-10-20,9,homework
1182,95,3,13,3,2024-11-21,7,homework
1183,52,9,14,5,2025-12-16,12,test
1184,48,4,7,1,2023-11-04,8,homework
1185,89,14,2,1,2023-10-19,5,homework
1186,60,1,15,5,2025-09-28,10,project
1187,58,12,12,2,2024-01-11,10,homework
1188,62,16,19,5,2025-09-08,12,homework
1189,28,7,16,2,2024-04-26,7,exam
1190,96,12,12,2,2024-02-02,11,homework
1191,1,6,16,6,2026-04-08,7,homework
1192,16,3,13,1,2023-12-17,11,test
1193,40,2,13,4,2025-03-31,10,test
1194,59,11,5,3,2024-11-01,8,project
1195,94,1,19,5,2025-10-31,10,test
1196,48,13,12,5,2025-11-27,9,test
1197,85,16,10,4,2025-05-29,9,homework
1198,55,13,5,6,2026-04-03,5,homework
1199,12,14,3,6,2026-02-12,9,test
1200,117,18,4,5,2025-12-19,8,test
1201,101,17,4,1,2023-10-26,9,homework
1202,81,8,20,2,2024-05-03,6,homework
1203,27,6,16,3,2024-10-31,11,exam
1204,104,11,14,2,2024-05-21,8,test
1205,61,5,16,3,2024-11-01,12,homework
1206,83,16,15,5,2025-10-14,9,homework
1207,113,3,13,1,2023-12-05,8,homework
1208,73,3,13,4,2025-02-09,8,test
1209,22,7,7,4,2025-02-26,7,test
1210,89,17,8,2,2024-05-17,12,homework
1211,105,3,13,5,2025-09-22,10,quiz
1212,65,4,20,2,2024-03-29,8,homework
1213,64,12,14,2,2024-05-13,10,homework
1214,29,9,5,6,2026-03-08,6,exam
1215,93,8,16,1,2023-10-01,8,homework
1216,108,10,14,5,2025-09-20,12,homework
1217,37,11,12,3,2024-11-24,8,exam
1218,72,6,20,3,2024-12-13,8,exam
1219,95,19,7,5,2025-11-24,10,project
1220,44,4,16,3,2024-10-29,12,test
1221,92,11,5,4,2025-05-28,10,exam
1222,18,1,15,2,2024-04-19,8,test
1223,45,11,12,1,2023-09-06,9,homework
1224,2,3,13,4,2025-01-29,10,test
1225,24,14,1,3,2024-10-14,11,test
1226,24,7,7,2,2024-02-11,12,test
1227,31,8,7,3,2024-09-29,12,homework
1228,49,19,17,1,2023-09-08,11,project
1229,28,17,4,1,2023-10-13,9,project
1230,6,14,1,5,2025-12-01,10,test
1231,120,16,19,6,2026-05-21,9,homework
1232,118,8,7,4,2025-01-20,6,project
1233,32,16,15,5,2025-12-15,11,test
1234,3,7,20,2,2024-01-13,9,homework
1235,28,12,12,1,2023-11-13,9,exam
1236,84,6,20,2,2024-05-19,9,test
1237,37,13,12,6,2026-05-13,8,project
1238,84,15,1,3,2024-09-23,7,homework
1239,86,19,3,4,2025-04-09,9,homework
1240,55,17,8,1,2023-11-06,11,test
1241,101,17,4,6,2026-03-22,7,test
1242,70,17,4,5,2025-10-14,9,homework
1243,45,1,19,1,2023-09-14,7,test
1244,44,5,16,4,2025-05-12,7,test
1245,81,3,13,3,2024-09-04,9,exam
1246,108,15,3,5,2025-11-21,10,exam
1247,44,18,11,6,2026-04-15,8,exam
1248,17,2,18,2,2024-05-30,10,homework
1249,51,11,12,4,2025-03-03,12,homework
1250,71,19,14,6,2026-01-27,8,test
1251,46,6,7,4,2025-03-01,11,exam
1252,46,1,17,1,2023-11-30,11,exam
1253,40,4,7,2,2024-02-17,9,exam
1254,19,8,20,6,2026-02-12,10,test
1255,12,3,18,4,2025-01-08,12,homework
1256,30,13,5,4,2025-04-13,9,quiz
1257,49,15,3,4,2025-04-04,10,homework
1258,13,20,4,5,2025-09-16,9,test
1259,5,16,9,1,2023-11-05,10,homework
1260,115,11,14,1,2023-11-23,10,test
1261,78,4,7,5,2025-09-05,8,test
1262,43,3,18,4,2025-05-30,12,test
1263,99,2,13,3,2024-10-31,11,test
1264,87,5,20,2,2024-05-04,8,exam
1265,32,3,18,2,2024-02-27,9,homework
1266,113,9,14,5,2025-09-01,8,homework
1267,35,12,14,2,2024-03-16,9,test
1268,17,3,18,5,2025-10-10,10,project
1269,68,9,14,1,2023-09-16,8,project
1270,43,5,16,3,2024-11-04,10,exam
1271,19,20,17,4,2025-05-21,7,homework
1272,14,11,5,2,2024-04-02,9,project
1273,58,2,18,2,2024-01-13,8,homework
1274,6,17,8,3,2024-11-15,9,exam
1275,77,18,11,6,2026-04-09,10,homework
1276,97,12,12,3,2024-09-19,9,homework
1277,2,11,5,6,2026-03-18,10,project
1278,99,7,16,1,2023-10-29,12,homework
1279,117,1,19,4,2025-02-10,0,project
1280,119,6,7,6,2026-05-05,10,test
1281,112,1,15,4,2025-04-28,8,homework
1282,38,6,16,2,2024-01-16,12,test
1283,52,14,2,5,2025-10-10,10,quiz
1284,61,6,20,6,2026-05-02,11,test
1285,12,16,17,2,2024-01-11,8,homework
1286,75,17,4,3,2024-12-04,12,quiz
1287,54,7,16,5,2025-09-12,11,test
1288,101,17,11,3,2024-12-02,6,homework
1289,72,6,16,6,2026-03-01,9,test
1290,17,10,14,3,2024-12-18,8,homework
1291,113,15,3,2,2024-05-24,11,exam
1292,64,13,5,6,2026-05-18,12,quiz
1293,17,20,10,3,2024-10-06,7,test
1294,43,20,6,2,2024-03-14,9,quiz
1295,58,3,13,5,2025-11-30,12,homework
1296,36,8,7,6,2026-05-14,8,project
1297,25,2,13,5,2025-10-28,10,test
1298,81,9,14,2,2024-04-03,9,exam
1299,82,1,19,4,2025-04-11,10,homework
1300,26,9,5,6,2026-02-01,11,quiz
1301,68,15,1,2,2024-03-26,8,project
1302,51,11,14,2,2024-03-08,8,project
1303,16,2,18,5,2025-10-17,0,test
1304,116,11,5,4,2025-03-11,8,exam
1305,103,5,16,6,2026-05-15,7,exam
1306,113,7,16,3,2024-10-27,12,homework
1307,29,7,20,4,2025-04-26,8,exam
1308,40,14,3,1,2023-11-01,10,project
1309,15,9,14,2,2024-05-01,6,exam
1310,39,6,16,1,2023-12-17,9,exam
1311,106,1,17,5,2025-11-05,9,test
1312,118,9,12,1,2023-12-14,9,exam
1313,14,20,15,4,2025-01-19,9,exam
1314,35,19,4,4,2025-04-08,8,project
1315,91,20,6,4,2025-01-31,8,test
1316,7,10,12,4,2025-01-22,12,homework
1317,11,3,13,1,2023-12-13,11,homework
1318,90,13,14,1,2023-11-20,7,exam
1319,22,2,13,4,2025-03-17,7,homework
1320,45,9,5,6,2026-01-25,10,test
1321,29,7,20,1,2023-09-01,9,test
1322,99,4,16,2,2024-04-05,9,homework
1323,118,2,13,5,2025-09-19,9,homework
1324,111,5,20,2,2024-05-31,9,homework
1325,98,7,20,5,2025-09-19,6,exam
1326,28,12,12,6,2026-05-15,5,exam
1327,10,15,1,3,2024-09-15,12,quiz
1328,34,16,10,1,2023-09-26,8,test
1329,90,8,20,6,2026-04-14,10,homework
1330,109,12,14,2,2024-03-04,9,quiz
1331,18,4,16,2,2024-04-10,8,exam
1332,103,7,7,4,2025-01-09,8,homework
1333,1,7,20,1,2023-11-15,0,exam
1334,49,14,1,3,2024-09-24,7,homework
1335,61,15,6,1,2023-10-25,7,test
1336,116,17,11,5,2025-09-04,10,quiz
1337,53,6,7,5,2025-12-07,11,homework
1338,28,19,20,5,2025-12-10,12,test
1339,120,9,14,5,2025-11-17,9,test
1340,38,1,9,4,2025-04-25,6,project
1341,43,4,16,4,2025-04-12,0,test
1342,56,20,12,5,2025-09-26,9,exam
1343,64,5,16,1,2023-10-04,6,test
1344,57,1,10,3,2024-11-21,8,homework
1345,111,5,16,2,2024-04-22,11,test
1346,49,16,19,1,2023-10-22,4,test
1347,15,3,18,1,2023-09-20,8,project
1348,40,8,16,4,2025-02-14,8,test
1349,68,8,7,2,2024-02-03,9,homework
1350,42,16,10,2,2024-01-19,11,test
1351,43,6,16,6,2026-03-17,6,test
1352,98,10,14,6,2026-04-04,12,quiz
1353,9,19,18,1,2023-11-02,7,test
1354,3,20,18,6,2026-02-13,12,homework
1355,49,20,16,1,2023-10-08,7,quiz
1356,76,8,16,1,2023-09-30,11,quiz
1357,13,10,12,1,2023-10-30,8,quiz
1358,116,1,9,3,2024-11-09,5,project
1359,66,12,5,2,2024-02-21,6,test
1360,92,16,10,1,2023-12-04,10,exam
1361,44,9,14,2,2024-04-10,6,quiz
1362,6,4,20,5,2025-10-30,12,quiz
1363,69,15,1,2,2024-02-06,7,homework
1364,19,4,7,2,2024-04-15,10,test
1365,84,19,16,2,2024-03-22,9,test
1366,19,15,2,1,2023-09-07,10,project
1367,33,15,1,4,2025-04-01,9,test
1368,24,1,17,1,2023-12-01,8,test
1369,116,8,20,6,2026-04-24,10,test
1370,12,5,7,1,2023-09-21,9,exam
1371,58,19,2,6,2026-02-09,4,project
1372,32,18,8,3,2024-12-20,11,homework
1373,53,16,17,5,2025-09-19,7,quiz
1374,45,8,16,6,2026-01-18,12,test
1375,83,18,4,2,2024-05-05,9,exam
1376,5,4,16,2,2024-04-11,12,project
1377,47,5,7,3,2024-11-30,12,exam
1378,110,5,7,1,2023-12-03,9,homework
1379,63,10,14,2,2024-01-25,11,homework
1380,89,15,6,3,2024-12-04,12,project
1381,43,1,19,5,2025-09-08,9,project
1382,1,12,14,3,2024-10-07,8,test
1383,61,15,1,3,2024-11-24,11,exam
1384,69,5,20,2,2024-02-04,9,homework
1385,54,16,15,1,2023-11-30,10,test
1386,76,14,2,3,2024-10-03,8,test
1387,104,17,8,6,2026-02-06,12,homework
1388,120,20,19,4,2025-04-26,7,homework
1389,114,3,18,4,2025-02-19,10,exam
1390,34,5,7,2,2024-03-03,9,exam
1391,55,12,12,6,2026-03-06,7,test
1392,16,6,20,1,2023-09-24,4,exam
1393,66,12,14,6,2026-02-05,9,homework
1394,59,2,13,5,2025-09-26,7,exam
1395,1,18,8,1,2023-10-31,10,homework
1396,55,1,9,4,2025-02-13,8,test
1397,92,19,13,2,2024-04-26,6,test
1398,48,17,4,3,2024-10-24,7,test
1399,13,6,20,5,2025-11-14,8,homework
1400,74,9,12,3,2024-10-15,6,homework
1401,43,2,13,1,2023-10-22,6,homework
1402,32,16,10,4,2025-04-04,10,project
1403,29,18,8,5,2025-10-07,12,homework
1404,32,12,14,6,2026-02-23,12,test
1405,35,19,10,3,2024-09-17,6,test
1406,88,13,5,5,2025-10-14,10,homework
1407,110,9,5,5,2025-10-28,9,homework
1408,53,12,5,6,2026-02-05,12,homework
1409,64,2,18,5,2025-09-03,9,test
1410,12,17,8,4,2025-02-13,8,homework
1411,106,15,3,3,2024-10-02,5,test
1412,62,10,5,4,2025-02-15,11,project
1413,23,20,5,3,2024-12-14,11,homework
1414,50,19,1,4,2025-05-08,10,test
1415,8,12,12,4,2025-01-09,6,project
1416,113,14,1,1,2023-11-13,12,homework
1417,46,12,14,1,2023-11-14,11,test
1418,74,12,5,2,2024-02-13,9,project
1419,35,2,18,6,2026-04-05,8,test
1420,74,11,5,5,2025-10-25,10,homework
1421,99,17,4,4,2025-04-14,6,quiz
1422,85,13,5,6,2026-03-27,11,test
1423,47,20,1,6,2026-03-30,9,test
1424,108,13,12,2,2024-02-19,8,project
1425,70,12,14,4,2025-03-24,11,test
1426,41,3,18,6,2026-01-13,9,test
1427,54,17,4,2,2024-02-06,10,homework
1428,17,2,13,6,2026-05-20,7,
1429,12,1,15,5,2025-10-26,8,homework
1430,91,13,14,5,2025-09-04,11,homework
1431,66,12,14,1,2023-12-17,12,test
1432,16,15,1,2,2024-02-21,9,test
1433,45,10,5,4,2025-03-16,5,
1434,103,14,2,2,2024-01-09,11,project
1435,65,20,1,5,2025-11-01,11,exam
1436,14,4,7,3,2024-12-20,8,quiz
1437,51,19,7,6,2026-05-10,11,test
1438,73,5,16,2,2024-03-04,9,test
1439,54,8,20,6,2026-05-15,6,test
1440,76,17,8,3,2024-11-12,9,project
1441,103,3,13,6,2026-04-11,9,test
1442,99,15,6,2,2024-02-21,11,homework
1443,7,17,11,2,2024-02-21,8,test
1444,57,19,5,1,2023-11-27,6,quiz
1445,58,4,20,1,2023-09-21,8,project
1446,85,20,7,3,2024-10-08,7,project
1447,75,6,7,6,2026-05-29,7,test
1448,5,13,12,1,2023-12-15,9,project
1449,10,8,16,5,2025-09-17,10,test
1450,21,17,8,2,2024-02-27,11,project
1451,64,18,11,5,2025-10-13,7,exam
1452,64,12,12,6,2026-04-15,7,quiz
1453,57,9,12,3,2024-09-09,10,project
1454,19,13,5,1,2023-10-16,10,homework
1455,86,5,20,4,2025-05-15,8,homework
1456,93,2,18,2,2024-01-21,10,exam
1457,103,18,8,5,2025-12-12,8,test
1458,64,9,5,1,2023-12-16,11,homework
1459,97,17,11,2,2024-01-10,10,quiz
1460,55,15,1,4,2025-01-13,10,homework
1461,117,15,2,4,2025-05-21,12,test
1462,106,12,14,2,2024-03-29,7,quiz
1463,68,18,8,5,2025-10-02,10,homework
1464,96,3,13,4,2025-01-27,9,project
1465,55,6,7,1,2023-11-20,12,test
1466,5,20,6,6,2026-02-07,11,test
1467,115,6,16,4,2025-03-01,9,project
1468,100,2,13,5,2025-10-01,6,homework
1469,100,8,7,5,2025-12-04,7,homework
1470,47,1,17,1,2023-10-14,10,quiz
1471,54,7,20,6,2026-04-22,7,test
1472,92,13,12,3,2024-12-14,8,test
1473,44,18,8,3,2024-10-15,9,homework
1474,89,1,15,6,2026-04-28,12,test
1475,101,16,9,2,2024-05-22,12,homework
1476,113,11,5,5,2025-10-07,7,exam
1477,99,11,12,3,2024-09-18,8,quiz
1478,77,4,7,6,2026-05-19,7,test
1479,63,4,7,4,2025-04-20,12,test
1480,22,15,3,5,2025-11-29,10,homework
1481,50,10,12,3,2024-12-06,10,quiz
1482,113,19,13,1,2023-09-28,8,quiz
1483,44,2,18,5,2025-11-13,12,quiz
1484,37,14,3,3,2024-11-25,6,homework
1485,52,16,17,5,2025-09-17,10,
1486,71,3,13,5,2025-09-08,10,quiz
1487,103,5,16,4,2025-04-19,6,exam
1488,80,10,5,3,2024-12-20,8,test
1489,22,13,12,5,2025-10-08,6,homework
1490,108,13,5,6,2026-02-03,11,test
1491,76,19,1,6,2026-01-08,7,test
1492,118,2,18,1,2023-11-20,0,homework
1493,118,14,2,2,2024-05-15,11,homework
1494,54,6,20,5,2025-10-22,10,test
1495,81,11,12,5,2025-12-14,9,test
1496,95,8,16,2,2024-03-26,8,project
1497,52,9,14,1,2023-12-04,8,homework
1498,3,3,18,5,2025-09-15,9,exam
1499,47,18,11,1,2023-11-08,8,exam
1500,78,15,3,2,2024-03-11,12,quiz
1501,1,10,14,3,2024-10-05,10,quiz
1502,11,19,2,3,2024-09-17,10,homework
1503,79,10,12,6,2026-02-07,9,test
1504,53,7,7,4,2025-04-29,10,test
1505,33,20,20,1,2023-11-03,9,test
1506,12,18,4,6,2026-03-03,7,homework
1507,25,2,13,1,2023-11-23,7,homework
1508,58,17,11,6,2026-03-17,10,exam
1509,44,8,7,2,2024-04-05,10,project
1510,75,20,10,4,2025-02-10,10,homework
1511,57,10,12,1,2023-11-20,10,homework
1512,90,16,17,6,2026-02-12,8,quiz
1513,97,9,5,2,2024-03-11,7,homework
1514,87,8,7,4,2025-04-22,8,homework
1515,71,4,7,5,2025-12-20,10,project
1516,12,7,20,4,2025-04-01,10,quiz
1517,72,18,8,2,2024-04-17,9,homework
1518,25,20,9,5,2025-12-07,8,test
1519,111,8,16,2,2024-05-15,12,homework
1520,9,4,20,1,2023-11-09,12,test
1521,57,20,11,1,2023-09-25,5,project
1522,1,20,6,2,2024-05-12,8,exam
1523,98,1,19,4,2025-01-24,10,quiz
1524,76,2,18,1,2023-09-04,8,exam
1525,37,12,12,6,2026-05-01,9,homework
1526,26,3,18,6,2026-01-12,9,test
1527,75,2,18,2,2024-01-23,11,homework
1528,101,8,20,3,2024-12-06,11,test
1529,86,13,5,6,2026-04-02,7,test
1530,76,17,4,6,2026-01-15,9,homework
1531,78,10,14,4,2025-02-24,9,homework
1532,76,6,20,5,2025-10-12,9,homework
1533,114,18,8,1,2023-09-22,9,test
1534,101,4,16,2,2024-03-31,9,homework
1535,21,4,7,1,2023-10-31,9,test
1536,16,18,11,6,2026-01-23,11,project
1537,92,13,14,5,2025-10-16,9,exam
1538,80,13,12,5,2025-12-05,10,exam
1539,60,1,15,5,2025-10-19,10,exam
1540,61,2,13,6,2026-05-12,11,project
1541,20,6,20,5,2025-10-22,9,project
1542,73,7,20,3,2024-11-27,10,test
1543,71,13,12,5,2025-12-08,0,test
1544,88,3,13,2,2024-03-24,9,test
1545,90,5,20,6,2026-05-31,7,test
1546,103,4,7,6,2026-04-04,10,test
1547,78,4,16,3,2024-10-12,10,homework
1548,100,1,10,1,2023-09-05,10,quiz
1549,40,10,5,5,2025-10-17,12,project
1550,61,5,7,2,2024-04-24,12,project
1551,80,2,18,1,2023-12-06,9,homework
1552,77,20,19,6,2026-03-05,10,project
1553,53,5,20,6,2026-03-30,8,homework
1554,28,8,16,2,2024-04-08,9,quiz
1555,110,10,5,4,2025-05-25,12,homework
1556,98,7,7,1,2023-09-22,11,homework
1557,73,15,6,6,2026-01-12,10,homework
1558,14,19,18,3,2024-09-08,6,test
1559,56,6,16,1,2023-09-27,10,exam
1560,59,12,5,6,2026-05-25,12,quiz
1561,84,7,20,6,2026-04-22,8,homework
1562,93,14,3,6,2026-01-20,10,test
1563,2,13,14,5,2025-11-05,12,homework
1564,18,13,12,6,2026-05-19,9,exam
1565,17,2,18,6,2026-05-22,10,test
1566,59,14,6,2,2024-03-08,11,homework
1567,61,10,5,6,2026-01-16,7,homework
1568,118,7,20,6,2026-05-02,10,quiz
1569,48,18,11,2,2024-03-16,10,test
1570,48,1,10,3,2024-11-28,12,exam
1571,52,19,19,3,2024-10-23,10,test
1572,69,10,14,1,2023-12-10,8,homework
1573,59,19,12,4,2025-05-17,8,test
1574,63,18,4,6,2026-05-05,10,homework
1575,53,8,20,3,2024-12-08,9,homework
1576,21,14,1,1,2023-10-05,7,homework
1577,72,20,13,1,2023-12-09,8,homework
1578,50,20,18,5,2025-09-14,8,test
1579,69,14,6,4,2025-05-19,6,homework
1580,97,14,6,6,2026-01-13,6,homework
1581,115,11,12,3,2024-09-29,9,homework
1582,16,10,12,1,2023-10-19,7,homework
1583,80,11,5,3,2024-12-07,8,exam
1584,107,15,1,2,2024-04-29,8,test
1585,62,16,15,3,2024-10-18,11,project
1586,109,8,7,1,2023-09-13,6,exam
1587,89,5,7,2,2024-03-07,9,quiz
1588,33,7,20,3,2024-11-15,10,test
1589,23,11,12,6,2026-05-24,9,test
1590,48,17,4,4,2025-02-20,10,homework
1591,33,1,15,5,2025-11-29,9,test
1592,115,17,4,6,2026-01-20,9,homework
1593,109,14,2,6,2026-04-18,12,test
1594,53,2,13,6,2026-02-16,12,homework
1595,110,1,10,5,2025-11-21,10,exam
1596,37,5,20,6,2026-02-11,11,test
1597,31,18,11,6,2026-03-06,8,project
1598,117,20,7,2,2024-02-01,8,project
1599,68,16,19,3,2024-09-26,10,exam
1600,46,8,16,6,2026-03-06,7,exam
1601,106,9,12,2,2024-05-15,9,homework
1602,39,9,12,6,2026-03-30,8,quiz
1603,78,19,6,2,2024-02-04,10,exam
1604,76,20,1,3,2024-10-07,12,homework
1605,38,4,7,6,2026-04-17,12,homework
1606,113,2,13,4,2025-04-18,6,test
1607,109,2,18,1,2023-12-07,7,test
1608,42,4,20,1,2023-11-11,12,exam
1609,45,10,14,2,2024-04-01,10,test
1610,92,5,20,4,2025-05-04,10,test
1611,39,15,3,4,2025-03-13,9,exam
1612,87,2,13,2,2024-05-31,11,test
1613,66,4,16,5,2025-11-13,6,exam
1614,39,4,7,2,2024-03-08,8,test
1615,97,11,5,5,2025-10-19,9,test
1616,97,5,7,3,2024-11-27,9,homework
1617,45,12,5,6,2026-03-24,8,project
1618,113,3,18,1,2023-09-06,9,project
1619,99,10,5,4,2025-05-20,10,project
1620,119,15,2,3,2024-10-20,8,project
1621,16,1,19,1,2023-09-23,5,project
1622,75,1,19,1,2023-10-11,10,homework
1623,11,2,18,1,2023-10-10,9,exam
1624,22,4,16,4,2025-03-18,12,test
1625,7,4,7,4,2025-04-04,11,test
1626,89,5,20,3,2024-09-27,12,quiz
1627,119,15,1,6,2026-01-28,12,test
1628,115,10,14,6,2026-03-22,8,test
1629,107,6,16,6,2026-01-09,10,project
1630,66,3,18,5,2025-09-08,6,test
1631,18,14,2,2,2024-02-10,12,project
1632,55,18,11,5,2025-09-14,9,homework
1633,117,13,12,1,2023-09-12,11,homework
1634,119,15,1,4,2025-03-31,9,test
1635,52,6,16,3,2024-12-14,10,test
1636,58,14,2,4,2025-03-12,9,homework
1637,78,2,18,3,2024-11-13,7,homework
1638,41,20,15,1,2023-11-18,8,test
1639,113,17,8,6,2026-01-19,8,quiz
1640,101,4,20,2,2024-01-10,8,project
1641,75,9,5,6,2026-04-01,11,exam
1642,48,14,3,1,2023-11-09,10,test
1643,53,14,1,4,2025-04-04,7,test
1644,33,13,5,5,2025-10-28,9,test
1645,83,19,16,5,2025-10-11,10,homework
1646,90,11,14,6,2026-04-19,11,homework
1647,49,1,15,6,2026-05-06,8,homework
1648,75,19,15,1,2023-11-20,10,project
1649,27,2,13,6,2026-03-19,5,test
1650,15,20,12,1,2023-12-01,9,homework
1651,27,13,5,2,2024-02-29,9,project
1652,76,5,20,1,2023-12-05,7,test
1653,55,19,10,6,2026-05-27,12,homework
1654,103,6,16,3,2024-12-05,9,test
1655,6,11,14,3,2024-11-26,10,homework
1656,15,16,9,5,2025-10-15,11,test
1657,2,7,7,6,2026-01-21,8,homework
1658,21,15,3,3,2024-12-16,9,homework
1659,59,14,3,1,2023-11-25,12,test
1660,112,16,15,3,2024-09-19,6,exam
1661,13,12,5,5,2025-12-11,7,exam
1662,42,10,14,4,2025-05-13,11,homework
1663,73,5,16,3,2024-10-17,9,homework
1664,58,12,5,5,2025-10-09,8,test
1665,50,17,11,4,2025-03-11,7,test
1666,39,8,20,2,2024-02-19,8,exam
1667,32,18,8,5,2025-11-12,7,test
1668,87,13,14,1,2023-10-26,8,homework
1669,34,3,13,6,2026-01-13,10,exam
1670,104,19,16,1,2023-09-12,10,test
1671,23,7,20,4,2025-05-17,11,project
1672,75,13,12,5,2025-09-17,11,test
1673,22,9,5,1,2023-12-20,11,homework
1674,49,4,7,1,2023-09-25,10,homework
1675,46,12,12,5,2025-09-17,9,quiz
1676,29,4,7,6,2026-04-09,8,project
1677,88,14,2,2,2024-04-12,11,test
1678,20,6,7,5,2025-09-25,9,test
1679,29,7,20,3,2024-12-04,10,project
1680,113,9,12,5,2025-10-08,8,project
1681,48,11,14,3,2024-12-06,12,project
1682,116,6,20,1,2023-12-15,8,quiz
1683,96,18,11,1,2023-11-27,9,exam
1684,51,18,8,6,2026-04-11,10,test
1685,48,8,20,6,2026-03-22,8,test
1686,13,1,15,6,2026-02-11,8,homework
1687,6,4,20,4,2025-05-14,7,homework
1688,27,9,5,1,2023-12-15,12,homework
1689,58,15,6,4,2025-04-14,11,homework
1690,111,19,1,5,2025-09-19,8,project
1691,52,15,2,5,2025-12-02,10,test
1692,81,12,12,5,2025-10-13,7,test
1693,21,16,9,3,2024-11-15,11,project
1694,67,20,6,4,2025-03-02,11,homework
1695,75,7,16,1,2023-09-19,9,project
1696,93,1,9,1,2023-09-10,10,quiz
1697,120,14,2,5,2025-10-30,7,quiz
1698,68,16,17,6,2026-04-22,11,exam
1699,96,16,15,5,2025-09-02,10,test
1700,60,5,16,1,2023-11-09,7,homework
